{"products":[{"id":"0.7843844278481229","qty":2}],"totalPrice":28.999999999999996}